No,Ticker,Company,Sector,Industry,Country,Market Cap,P/E,Price,Change,Volume
1,A,Agilent Technologies Inc,Healthcare,Diagnostics & Research,USA,32.63B,25.46,115.48,0.82%,"1,111,810"
2,AA,Alcoa Corp,Basic Materials,Aluminum,USA,18.87B,15.95,71.53,-0.74%,"5,665,793"
3,AAA,Alternative Access First Priority CLO Bond ETF,Financial,Exchange Traded Fund,USA,-,-,24.94,-0.14%,"7,782"
4,AAAA,Amplius Aggressive Asset Allocation ETF,Financial,Exchange Traded Fund,USA,-,-,26.92,-0.11%,"5,439"
5,AAAC,Columbia AAA CLO ETF,Financial,Exchange Traded Fund,USA,-,-,19.99,0.05%,8
6,AAAU,Goldman Sachs Physical Gold ETF,Financial,Exchange Traded Fund,USA,-,-,46.09,-1.96%,"3,549,419"
7,AACB,Artius II Acquisition Inc,Financial,Shell Companies,USA,286.16M,658.60,10.34,0.00%,447
8,AACG,ATA Creativity Global ADR,Consumer Defensive,Education & Training Services,China,30.81M,-,0.97,5.33%,"1,931"
9,AACI,Armada Acquisition Corp III,Financial,Shell Companies,USA,335.54M,-,9.86,0.00%,988
10,AACOU,Abony Acquisition Corp I,Financial,Shell Companies,USA,205.32M,-,9.95,-0.20%,"2,090"
11,AACPU,Apogee Acquisition Corp,Financial,Shell Companies,USA,-,-,-,-,0
12,AADR,AdvisorShares Dorsey Wright ADR ETF,Financial,Exchange Traded Fund,USA,-,-,83.25,-0.28%,"2,183"
13,AAEQ,Alpha Architect US Equity 2 ETF,Financial,Exchange Traded Fund,USA,-,-,46.92,0.13%,"4,215"
14,AAL,American Airlines Group Inc,Industrials,Airlines,USA,7.16B,65.26,10.84,-2.61%,"52,701,537"
15,AALG,Leverage Shares 2X Long AAL Daily ETF,Financial,Exchange Traded Fund,USA,-,-,8.03,-6.03%,"79,065"
16,AAME,Atlantic American Corp,Financial,Insurance - Life,USA,45.28M,9.85,2.22,-1.33%,"11,911"
17,AAMI,Acadian Asset Management Inc,Financial,Asset Management,USA,1.97B,25.02,55.28,-1.64%,"328,432"
18,AAOI,Applied Optoelectronics Inc,Technology,Communication Equipment,USA,7.81B,-,103.91,20.34%,"19,811,717"
19,AAON,AAON Inc,Industrials,Building Products & Equipment,USA,6.63B,62.86,81.36,-2.74%,"630,257"
20,AAOX,Tradr 2X Long AAOI Daily ETF,Financial,Exchange Traded Fund,USA,-,-,26.33,40.43%,"2,732,572"
21,AAP,Advance Auto Parts Inc,Consumer Cyclical,Auto Parts,USA,3.11B,71.14,51.83,-4.72%,"1,272,829"
22,AAPB,GraniteShares 2x Long AAPL Daily ETF,Financial,Exchange Traded Fund,USA,-,-,27.50,0.03%,"42,215"
23,AAPD,Direxion Daily AAPL Bear 1X ETF,Financial,Exchange Traded Fund,USA,-,-,13.84,-0.12%,"13,185,050"
24,AAPG,Ascentage Pharma Group International ADR,Healthcare,Biotechnology,China,2.53B,-,27.32,3.96%,"6,547"
25,AAPL,Apple Inc,Technology,Consumer Electronics,USA,3757.20B,32.38,255.92,0.11%,"31,149,390"
26,AAPR,Innovator Equity Defined Protection ETF - 2 Yr to April 2026,Financial,Exchange Traded Fund,USA,-,-,28.87,0.00%,"28,775"
27,AAPU,Direxion Daily AAPL Bull 2X ETF,Financial,Exchange Traded Fund,USA,-,-,28.50,0.11%,"1,532,098"
28,AAPW,Roundhill AAPL WeeklyPay ETF,Financial,Exchange Traded Fund,USA,-,-,34.85,0.32%,"3,048"
29,AAPX,T-Rex 2X Long Apple Daily Target ETF,Financial,Exchange Traded Fund,USA,-,-,25.90,0.27%,"70,061"
30,AAPY,Kurv Yield Premium Strategy Apple (AAPL) ETF,Financial,Exchange Traded Fund,USA,-,-,22.24,0.27%,729
31,AARD,Aardvark Therapeutics Inc,Healthcare,Biotechnology,USA,93.81M,-,4.30,5.13%,"132,532"
32,AAT,American Assets Trust Inc,Real Estate,REIT - Diversified,USA,1.15B,20.31,18.67,1.74%,"356,125"
33,AAUA,Alpha Architect US Equity 3 ETF,Financial,Exchange Traded Fund,USA,-,-,49.52,0.25%,"1,508"
34,AAUC,Allied Gold Corp,Basic Materials,Gold,Canada,3.87B,-,31.19,-0.06%,"193,823"
35,AAUM,Tema Alternative Asset Managers ETF,Financial,Exchange Traded Fund,USA,-,-,19.21,-1.04%,408
36,AAUS,Alpha Architect US Equity ETF,Financial,Exchange Traded Fund,USA,-,-,52.79,0.06%,9
37,AAVM,Alpha Architect Global Factor Equity ETF,Financial,Exchange Traded Fund,USA,-,-,31.69,-0.77%,"2,119"
38,AAXJ,iShares MSCI All Country Asia ex Japan ETF,Financial,Exchange Traded Fund,USA,-,-,96.11,-1.11%,"1,504,343"
39,AB,AllianceBernstein Holding Lp,Financial,Asset Management,USA,3.56B,12.87,38.63,1.68%,"273,374"
40,ABAT,American Battery Technology Company,Industrials,Waste Management,USA,366.15M,-,2.78,2.21%,"2,200,270"
41,ABBV,Abbvie Inc,Healthcare,Drug Manufacturers - General,USA,369.26B,88.44,208.84,-2.86%,"5,083,736"
42,ABCB,Ameris Bancorp,Financial,Banks - Regional,USA,5.32B,13.07,78.40,-0.13%,"377,192"
43,ABCL,AbCellera Biologics Inc,Healthcare,Biotechnology,Canada,1.07B,-,3.52,0.28%,"3,484,480"
44,ABCS,Alpha Blue Capital US Small-Mid Cap Dynamic ETF,Financial,Exchange Traded Fund,USA,-,-,29.98,0.18%,"4,113"
45,ABEO,Abeona Therapeutics Inc,Healthcare,Biotechnology,USA,274.98M,4.83,4.82,5.24%,"766,632"
46,ABEQ,Absolute Select Value ETF,Financial,Exchange Traded Fund,USA,-,-,37.86,0.19%,"13,546"
47,ABEV,Ambev S.A. ADR,Consumer Defensive,Beverages - Brewers,Brazil,45.76B,16.48,2.93,-1.35%,"42,957,245"
48,ABFL,Abacus FCF Leaders ETF,Financial,Exchange Traded Fund,USA,-,-,71.94,0.00%,"18,756"
49,ABG,Asbury Automotive Group Inc,Consumer Cyclical,Auto & Truck Dealerships,USA,3.76B,7.77,194.76,0.38%,"121,103"
50,ABI,VictoryShares Pioneer Asset-Based Income ETF,Financial,Exchange Traded Fund,USA,-,-,24.89,0.16%,8
51,ABIG,Argent Large Cap ETF,Financial,Exchange Traded Fund,USA,-,-,29.45,0.06%,"6,354"
52,ABLD,Abacus FCF Real Assets Leaders ETF,Financial,Exchange Traded Fund,USA,-,-,31.63,-0.23%,"3,680"
53,ABLG,Abacus FCF International Leaders ETF,Financial,Exchange Traded Fund,USA,-,-,29.90,-0.99%,251
54,ABLS,Abacus FCF Small Cap Leaders ETF,Financial,Exchange Traded Fund,USA,-,-,18.58,0.19%,257
55,ABLV,Able View Global Inc,Consumer Cyclical,Specialty Retail,China,30.13M,-,0.61,-2.09%,"2,085"
56,ABM,ABM Industries Inc,Industrials,Specialty Business Services,USA,2.27B,15.26,38.72,0.05%,"725,724"
57,ABNB,Airbnb Inc,Consumer Cyclical,Travel Services,USA,76.06B,30.91,124.95,-0.19%,"3,094,492"
58,ABNG,Leverage Shares 2x Long ABNB Daily ETF,Financial,Exchange Traded Fund,USA,-,-,14.41,-0.53%,"1,162"
59,ABNY,YieldMax ABNB Option Income Strategy ETF,Financial,Exchange Traded Fund,USA,-,-,40.38,-1.03%,802
60,ABOS,Acumen Pharmaceuticals Inc,Healthcare,Biotechnology,USA,194.97M,-,2.70,5.88%,"635,601"
